Startup,Fonds,Titel,Vorname,Nachname,Geschlecht,Land
011h,Redalpine Capital S.C.S., SICAR VI,Alex,Valls,"",Spanien
011h,Redalpine Capital S.C.S., SICAR VI,Jose Manuel,Villanueva,"",Spanien
011h,Redalpine Capital S.C.S., SICAR VI,Jose,Ojeda,"",Spanien
011h,Redalpine Capital S.C.S., SICAR VI,Josep,Barberà,"",Spanien
011h,Redalpine Capital S.C.S., SICAR VI,Juan,Velayos,"",Spanien
011h,Redalpine Capital S.C.S., SICAR VI,Lucas,Carne,"",Spanien
1UP Ventures L.P.,BITKRAFT Ventures Fund II, L.P.,"","","","",""
36Zero Vision,Join Capital Fund II GmbH & Co KG,Florian,Ziesche,"",Deutschland
36Zero Vision,Join Capital Fund II GmbH & Co KG,Zeeshan,Karamat,"",Deutschland
555 Comic Co,BITKRAFT Ventures Fund II, L.P.,Ben,Watanabe,"",Vereinigte Staaten von Amerika (USA)
57hours,Nordic Eye II SCSp,Viktor,Marohnic,"",Vereinigte Staaten von Amerika (USA)
9fin Limited,Redalpine Capital S.C.S., SICAR VI,Steven,Hunter,"",Groß-Britanien (UK)
9fin Limited,Redalpine Capital S.C.S., SICAR VI,Huss,El-Sheikh,"",Groß-Britanien (UK)
ADG Technology Inc. (Carry1st),BITKRAFT Ventures Opportunity Fund I, L.P,Cordel,Robbin-Coker,"",Südafrika
ADG Technology Inc. (Carry1st),BITKRAFT Ventures Opportunity Fund I, L.P,Lucy,Hoffman,"",Südafrika
ADG Technology Inc. (Carry1st),BITKRAFT Ventures Opportunity Fund I, L.P,Tinotenda,Mundangepfupfu,"",Südafrika
AI Music,Alpha Intelligence Capital Fund 1,Siavash,Mahdavi,Groß-Britanien (UK)
APWine,Greenfield One III GmbH & Co. KG,Jean,Chambras,mänlich,Frankreich
APWine,Greenfield One III GmbH & Co. KG,Antoine,Mouran,"",Frankreich
APWine,Greenfield One III GmbH & Co. KG,Ulysse,Ramage,"",Frankreich
APWine,Greenfield One III GmbH & Co. KG,Gaspard,Peduzzi,"",Frankreich
Accure,42CAP II GmbH & Co. KG,Kai-Philipp,Kairies,"",Deutschland
Accure,42CAP II GmbH & Co. KG,Georg,Angenendt,Deutschland
Accure,42CAP II GmbH & Co. KG,Johannes,Palmer,Deutschland
Advergame Technologies Pvt. Ltd. (Gamezop),BITKRAFT ESPORTS VENTURES I, L.P. (KY),Gaurav,Agarwal,India
Advergame Technologies Pvt. Ltd. (Gamezop),BITKRAFT ESPORTS VENTURES I, L.P. (KY),Yashash,Agarwal,India
AirHelp Germany GmbH,Nordic Eye II SCSp,Henrik,Zillmer,"",Deutschland
AirHelp Germany GmbH,Nordic Eye II SCSp,Nicolas,Michaelsen,"",Deutschland
AirHelp Germany GmbH,Nordic Eye II SCSp,Greg,Roodt,"",Deutschland
Airobotics,Alpha Intelligence Capital Fund 1,Meir,Kliner,Israel
Airobotics,Alpha Intelligence Capital Fund 1,Ran,Krauss,Israel
AlphaPet,Tech Co-Investors 1-2022 GmbH & Co. KG,Marco,Hierling,Deutschland
AlphaPet,Tech Co-Investors 1-2022 GmbH & Co. KG,Stefan,Pfannmöller,Deutschland
AlphaPet,Tech Co-Investors 1-2022 GmbH & Co. KG,Marco,Hierling,Deutschland
AlphaPet,Tech Co-Investors 1-2022 GmbH & Co. KG,Stefan,Pfannmöller,Deutschland
Another Brain,Alpha Intelligence Capital Fund 1,Bruno,Maisonnier,Frankreich
Anzu Virtual Reality Ltd.,BITKRAFT Ventures Opportunity Fund I, L.P,Ben,Fenster,Israel
Anzu Virtual Reality Ltd.,BITKRAFT Ventures Opportunity Fund I, L.P,Itamar,Benedy,Israel
Anzu Virtual Reality Ltd.,BITKRAFT Ventures Opportunity Fund I, L.P,Michael,Badichi,Israel
Anzu Virtual Reality Ltd.,BITKRAFT Ventures Opportunity Fund I, L.P,Ben,Fenster,Israel
Anzu Virtual Reality Ltd.,BITKRAFT Ventures Opportunity Fund I, L.P,Itamar,Benedy,Israel
Anzu Virtual Reality Ltd.,BITKRAFT Ventures Opportunity Fund I, L.P,Michael,Badichi,Israel
Apaleo,Redalpine Capital S.C.S., SICAR III,Ulrich,Pillau,Deutschland
Apaleo,Redalpine Capital S.C.S., SICAR III,Martin,Reichenbach,Deutschland
Apaleo,Redalpine Capital S.C.S., SICAR III,Stephan,Wiesener,Deutschland
Apaleo,Redalpine Capital S.C.S., SICAR III,Philip,von Ditfurth,Deutschland
Arcturus Studios Holdings, Inc,BITKRAFT Ventures Fund II, L.P.,Ewan,Johnson,"",Kanada
Arcturus Studios Holdings, Inc,BITKRAFT Ventures Fund II, L.P.,Andy,Stack,"",Kanada
Assetgro Fintech Pvt. Ltd. (StockGro),BITKRAFT Ventures Fund II, L.P.,Ajay,Lakhotia,"",India
Assetgro Fintech Pvt. Ltd. (StockGro),BITKRAFT Ventures Fund II, L.P.,Vijay Shankar,Lakhotia,"",India
BOOMTV,BITKRAFT ESPORTS VENTURES I, L.P. (KY),Sumit,Gupta,Vereinigte Staaten von Amerika (USA)
BRINK,Greenfield One III GmbH & Co. KG,Andrew,Rollins,"",Vereinigte Staaten von Amerika (USA)
BRINK,Greenfield One III GmbH & Co. KG,Michael,Calvanese,"",Vereinigte Staaten von Amerika (USA)
BULLETIN INC.,Nordic Eye II SCSp,Alana,Branston,"",Vereinigte Staaten von Amerika (USA)
BULLETIN INC.,Nordic Eye II SCSp,Ali,Kriegsmann,"",Vereinigte Staaten von Amerika (USA)
Batou XYZ, SL.,Berlin Innovation Ventures 1 GmbH & Co KG,Pol,Baladas,"",Spanien
Batou XYZ, SL.,Berlin Innovation Ventures 1 GmbH & Co KG,Oriol,Domingo,"",Spanien
Batou XYZ, SL.,Berlin Innovation Ventures 1 GmbH & Co KG,Oscar,Cuatrecasas,"",Spanien
BayoTech, Inc.,Cottonwood Technology Fund III,Justin,Eisenach,"",Vereinigte Staaten von Amerika (USA)
BayoTech, Inc.,Cottonwood Technology Fund III,Milton,Vernon,"",Vereinigte Staaten von Amerika (USA)
BayoTech, Inc.,Cottonwood Technology Fund III,Scott,Dyer,"",Vereinigte Staaten von Amerika (USA)
Bazooka Tango, Inc. (White Water Games),BITKRAFT ESPORTS VENTURES I, L.P. (KY),Robert,Daly,Vereinigte Staaten von Amerika (USA)
Bebopbee,BITKRAFT ESPORTS VENTURES I, L.P. (KY),Rajeev,Nagpal,"",Vereinigte Staaten von Amerika (USA)
Bebopbee,BITKRAFT ESPORTS VENTURES I, L.P. (KY),Cristian,Zanier,"",Vereinigte Staaten von Amerika (USA)
Bellabeat Inc.,Nordic Eye II SCSp,Sandro,Mur,"",Vereinigte Staaten von Amerika (USA)
Bellabeat Inc.,Nordic Eye II SCSp,Urška,Sršen,"",Vereinigte Staaten von Amerika (USA)
Bellabeat Inc.,Nordic Eye II SCSp,Lovepreet,Singh,"",Vereinigte Staaten von Amerika (USA)
Better Diary Limited,Redalpine Capital S.C.S., SICAR VI,Jevan,Nagarajah,"",Groß-Britanien (UK)
Better Diary Limited,Redalpine Capital S.C.S., SICAR VI,Christopher,Reynolds,"",Groß-Britanien (UK)
BioFlyte,Cottonwood Technology Fund III,Charles,Call,"",Vereinigte Staaten von Amerika (USA)
Bitfry,BITKRAFT ESPORTS VENTURES I, L.P. (KY),Benjamin,Freidlin,Vereinigte Staaten von Amerika (USA)
Bitfry,BITKRAFT ESPORTS VENTURES I, L.P. (KY),Chris,Mate,Vereinigte Staaten von Amerika (USA)
Black Math Inc. (Darkblock),Greenfield One III GmbH & Co. KG,Chris,Seline,"",""
Black Math Inc. (Darkblock),Greenfield One III GmbH & Co. KG,Darri,Ulfsson,"",""
Brinkbound Games, Inc.,BITKRAFT Ventures Fund II, L.P.,David,Straily,"",Vereinigte Staaten von Amerika (USA)
Byte Trading,Redalpine Capital S.C.S., SICAR VI,Jan,Hoekman,"",Estonia
Byte Trading,Redalpine Capital S.C.S., SICAR VI,Dominik,Vacikar,"",Estonia
CCP Games,a16z - CNK Seed Fund I, L.P.,"","","","",""
CNK IV diverse,a16z - CNK Fund IV, L.P.,"","","","",""
CNK Seed I diverse,a16z - CNK Seed Fund I, L.P.,"","","","",""
Carbonated Games,BITKRAFT ESPORTS VENTURES I, L.P. (KY),Travis,Boatman,Vereinigte Staaten von Amerika (USA)
Carvolution,Redalpine Opportunity Fund SCS,Luis,Wittwer,Schweiz
Carvolution,Redalpine Opportunity Fund SCS,Léa,Miggiano,Schweiz
Carvolution,Redalpine Opportunity Fund SCS,Luis,Wittwer,Schweiz
Carvolution,Redalpine Opportunity Fund SCS,Léa,Miggiano,Schweiz
Celonis SE,Alpha Intelligence Capital Fund 1,Alexander,Rinke,"",Deutschland
Celonis SE,Alpha Intelligence Capital Fund 1,Bastian,Nominacher,"",Deutschland
Celonis SE,Alpha Intelligence Capital Fund 1,Martin,Klenk,"",Deutschland
Cera Care,Nordic Eye II SCSp,Mahiben,Maruthappu,"",Groß-Britanien (UK)
Cera Care,Nordic Eye II SCSp,Marek,Sacha,"",Groß-Britanien (UK)
Cera Care,Nordic Eye II SCSp,Martin,Ocenas,"",Groß-Britanien (UK)
"Charitize, Inc. (""Rightfood"")",Honeystone Ventures Fund LP,Danielle,Pensack,"",Vereinigte Staaten von Amerika (USA)
"Charitize, Inc. (""Rightfood"")",Honeystone Ventures Fund LP,Will,Schmitt,"",Vereinigte Staaten von Amerika (USA)
"Charitize, Inc. (""Rightfood"")",Honeystone Ventures Fund LP,Deirdre,Clute,"",Vereinigte Staaten von Amerika (USA)
Circuit Mind,JOIN Capital Fund I GmbH & Co. KG,Tomide,Adesanmi,Groß-Britanien (UK)
Circuit Mind,JOIN Capital Fund I GmbH & Co. KG,Basilio,Gentile,Groß-Britanien (UK)
Circular Genomics Inc.,Cottonwood Technology Fund III,Alexander,Hafez,"",Vereinigte Staaten von Amerika (USA)
Circular Genomics Inc.,Cottonwood Technology Fund III,Nikolaos,Mellios,"",Vereinigte Staaten von Amerika (USA)
Circular Genomics Inc.,Cottonwood Technology Fund III,Kosmas,Karadimitriou,"",Vereinigte Staaten von Amerika (USA)
CloudApp,Nordic Eye II SCSp,Tyler,Koblasa,"",Vereinigte Staaten von Amerika (USA)
CloudApp,Nordic Eye II SCSp,Scott,Smith,"",Vereinigte Staaten von Amerika (USA)
CloudNC,JOIN Capital Fund I GmbH & Co. KG,Theo,Saville,Groß-Britanien (UK)
CloudNC,JOIN Capital Fund I GmbH & Co. KG,Chris,Emery,Groß-Britanien (UK)
Cloudflare Inc.,Honeystone Ventures Fund LP,"","","","",""
Codacy,JOIN Capital Fund I GmbH & Co. KG,Jaime,Jorge,Portugal
Codacy,JOIN Capital Fund I GmbH & Co. KG,Joao,Caxaria,Portugal
Codeship,JOIN Capital Fund I GmbH & Co. KG,Moritz,Plassnig,""
Codeship,JOIN Capital Fund I GmbH & Co. KG,Manuel,Weiss,""
Codeship,JOIN Capital Fund I GmbH & Co. KG,Florian,Motlik,""
Collato GmbH,Redalpine Capital S.C.S., SICAR VI,Sebastian,Oehlschläger,"",Deutschland
Collato GmbH,Redalpine Capital S.C.S., SICAR VI,Ivo,Scherkamp,"",Deutschland
Cornami,Alpha Intelligence Capital Fund 1,Gordon,Campbell,Vereinigte Staaten von Amerika (USA)
Cornami,Alpha Intelligence Capital Fund 1,Paul,Master,Vereinigte Staaten von Amerika (USA)
Cornami,Alpha Intelligence Capital Fund 1,Fred,Furtek,Vereinigte Staaten von Amerika (USA)
Crabi Autoseguro,Honeystone Ventures Fund LP,Javier,Orozco,"",Mexiko
Credi2 GmbH,Reimann Investor Management GmbH & Co. 2016 KG,Daniel,Strieder,Österreich
Credi2 GmbH,Reimann Investor Management GmbH & Co. 2016 KG,Jörg,Skornschek,Österreich
Credi2 GmbH,Reimann Investor Management GmbH & Co. 2016 KG,Michael,Handler,Österreich
Crew³,Redalpine Capital S.C.S., SICAR VI,Mathis,Grosjean,"",""
Crew³,Redalpine Capital S.C.S., SICAR VI,Kevin,Arweave,"",""
Cryptonext Security,Quantonation I FPCI,Jean-Charles,Faugère,"",Frankreich
Cryptonext Security,Quantonation I FPCI,Ludovic,Perret,"",Frankreich
Customs4Trade (C4T),42CAP II GmbH & Co. KG,Ilse,Vermeersch,Belgien
Customs4Trade (C4T),42CAP II GmbH & Co. KG,Pieter,Haesaert,Belgien
DATAPRED,JOIN Capital Fund I GmbH & Co. KG,Nicolas,Mahler,Schweiz
Daedalean AI,Redalpine Capital S.C.S., SICAR III,Luuk,Dijk,Schweiz
Daedalean AI,Redalpine Capital S.C.S., SICAR III,Anna,Chernova,Schweiz
Dappback,Greenfield One III GmbH & Co. KG,Jascha,Samadi,"",Vereinigte Staaten von Amerika (USA)
Deep Instinct,Alpha Intelligence Capital Fund 1,Guy,Caspi,Israel
Deep Instinct,Alpha Intelligence Capital Fund 1,Eli,David,Israel
Deep Instinct,Alpha Intelligence Capital Fund 1,Nadav,Maman.,Israel
Deep Ivy,Berlin Innovation Ventures 1 GmbH & Co KG,"","","","",""
Digital Spine (Aufzughelden),Join Capital Fund II GmbH & Co KG,"","","","",""
Discord Inc,BITKRAFT Ventures Opportunity Fund I, L.P,"","","","",""
Donut,Redalpine Capital S.C.S., SICAR III,Neel,Popat,Deutschland
Donut,Redalpine Capital S.C.S., SICAR III,Jordan,Abderrachid,Deutschland
ENLYZE,42CAP II GmbH & Co. KG,Julius,Scheuber,Deutschland
ENLYZE,42CAP II GmbH & Co. KG,Deniz,Saner,Deutschland
ENLYZE,42CAP II GmbH & Co. KG,Clemens,Hensen,Deutschland
ENVIRIA Energy Holding GmbH,Redalpine Capital S.C.S., SICAR VI,Melchior,Schulze Brock,"",Deutschland
Electric DB Limited (Vaxine),Berlin Innovation Ventures 1 GmbH & Co KG,James,Arthur,"",Kroatien
Entropy Cryptography, Inc.,a16z - CNK Seed Fund I, L.P.,Tux,Pacific,"",Vereinigte Staaten von Amerika (USA)
Envelop Risk,Alpha Intelligence Capital Fund 1,Jonathan,Spry,Groß-Britanien (UK)
Epic Games,BITKRAFT ESPORTS VENTURES I, L.P. (KY),Tim,Sweeney,Vereinigte Staaten von Amerika (USA)
Ethereum,a16z - CNK Fund IV, L.P.,"","","","",""
Ethermail,Greenfield One III GmbH & Co. KG,Shant,Kevonian,mänlich,""
Ethermail,Greenfield One III GmbH & Co. KG,Gerald,Heydenreich,mänlich,""
Ethos Technologies Inc.,Redalpine Opportunity Fund SCS,Lingke,Wang,"",Vereinigte Staaten von Amerika (USA)
Ethos Technologies Inc.,Redalpine Opportunity Fund SCS,Peter,Colis,"",Vereinigte Staaten von Amerika (USA)
EuQlid,Quantonation I FPCI,Ronald,Walsworth,"",""
Exscientia PLC,42Cap III GmbH & Co KG,"","","","",""
F4NTEC Ecommerce Israel Ltd.,BITKRAFT ESPORTS VENTURES I, L.P. (KY),Dror,Galis,Israel
F4NTEC Ecommerce Israel Ltd.,BITKRAFT ESPORTS VENTURES I, L.P. (KY),Elad,Shahar,Israel
F4NTEC Ecommerce Israel Ltd.,BITKRAFT ESPORTS VENTURES I, L.P. (KY),Oren,Guli,Israel
FOL Topco (Adam Neuman),a16z - CNK Fund IV, L.P.,"","","","",""
Fancurve,Greenfield One III GmbH & Co. KG,Mario,Götze,mänlich,Vereinigte Staaten von Amerika (USA)
Fancurve,Greenfield One III GmbH & Co. KG,André,Schürrle,mänlich,Vereinigte Staaten von Amerika (USA)
Fancurve,Greenfield One III GmbH & Co. KG,Chris,Chaney,"",Vereinigte Staaten von Amerika (USA)
FinTecSystems,Reimann Investor Management GmbH & Co. 2016 KG,Stefan,Krautkrämer,Deutschland
FinTecSystems,Reimann Investor Management GmbH & Co. 2016 KG,Dirk,Rudolf,Deutschland
FiveVectors,BITKRAFT ESPORTS VENTURES I, L.P. (KY),Andres,Lauer,Deutschland
FiveVectors,BITKRAFT ESPORTS VENTURES I, L.P. (KY),Wasae,Imran,"",Deutschland
Flexciton,JOIN Capital Fund I GmbH & Co. KG,Jaime,Potter,Groß-Britanien (UK)
Flexciton,JOIN Capital Fund I GmbH & Co. KG,Dionysios,Xenos,Groß-Britanien (UK)
Flexia,ADvantage Sports Tech Fund LP,Kaleen,Canevari,"",Vereinigte Staaten von Amerika (USA)
Flexia,ADvantage Sports Tech Fund LP,CJ,Kelly,"",Vereinigte Staaten von Amerika (USA)
Flexia,ADvantage Sports Tech Fund LP,David,Ducrest,"",Vereinigte Staaten von Amerika (USA)
Flipt,Berlin Innovation Ventures 1 GmbH & Co KG,"","","","",""
Flowlity,42CAP II GmbH & Co. KG,Jean-Baptiste,Clouard,Frankreich
Flowlity,42CAP II GmbH & Co. KG,Karim,Benchaaboun,Frankreich
Flowlity,42CAP II GmbH & Co. KG,Coralie,Gironde,Frankreich
Foqus Technologies Inc.,Quantonation I FPCI,Sadegh,Raisi,"",Kanada
Foqus Technologies Inc.,Quantonation I FPCI,Michele,Mosca,"",Kanada
Foundation Devices,Greenfield One III GmbH & Co. KG,Jendrik,Poloczek,"",Vereinigte Staaten von Amerika (USA)
Freightify,Nordic Eye II SCSp,Anand,Babu,"",""
Freightify,Nordic Eye II SCSp,Mohammed,Zakkiria. A,"",""
Freightify,Nordic Eye II SCSp,Raghavendra,Viswanadhan,"",""
Freightify,Nordic Eye II SCSp,Raghavendran,Vi,"",""
Frenetic,Join Capital Fund II GmbH & Co KG,Jose,Malina,Spanien
Frenetic,Join Capital Fund II GmbH & Co KG,Jose,Malina,Spanien
Frontastic,Reimann Investor Management GmbH & Co. 2016 KG,Thomas,Gottheil,Deutschland
Frontastic,Reimann Investor Management GmbH & Co. 2016 KG,Henning,Emmrich,Deutschland
Frontastic,Reimann Investor Management GmbH & Co. 2016 KG,Tobias,Schlitt,Deutschland
Frontastic,Reimann Investor Management GmbH & Co. 2016 KG,Kore,Nordmann,Deutschland
Frost Giant Studios, Inc.,BITKRAFT ESPORTS VENTURES I, L.P. (KY),Tim,Morten,Vereinigte Staaten von Amerika (USA)
Frost Giant Studios, Inc.,BITKRAFT ESPORTS VENTURES I, L.P. (KY),Tim,Campbell,Vereinigte Staaten von Amerika (USA)
Fuzzy Logic Robotics,42Cap III GmbH & Co KG,Jason,Ried,"",Vereinigte Staaten von Amerika (USA)
FuzzyBot,BITKRAFT Ventures Fund II, L.P.,Max,Spielberg,"",Vereinigte Staaten von Amerika (USA)
FuzzyBot,BITKRAFT Ventures Fund II, L.P.,Tatyana,Dyshlova,"",Vereinigte Staaten von Amerika (USA)
GGWP Inc.,BITKRAFT Ventures Fund II, L.P.,Dennis,Fong,"",""
GGWP Inc.,BITKRAFT Ventures Fund II, L.P.,George,NG,"",""
GGWP Inc.,BITKRAFT Ventures Fund II, L.P.,Kun,Gao,"",""
GGWP Inc.,BITKRAFT Ventures Fund II, L.P.,Ling,Xiao,"",""
"GTM.AI, Inc. (""SalesDNA"")",Honeystone Ventures Fund LP,Josh,Braun,"",Vereinigte Staaten von Amerika (USA)
Gaming 24/7 Inc.,BITKRAFT ESPORTS VENTURES I, L.P. (KY),Ariel,Horn,Vereinigte Staaten von Amerika (USA)
Gaming 24/7 Inc.,BITKRAFT ESPORTS VENTURES I, L.P. (KY),Ben,Kusin,Vereinigte Staaten von Amerika (USA)
Genialis,Redalpine Capital S.C.S., SICAR III,Rafael,Rosengarten,Vereinigte Staaten von Amerika (USA)
Genialis,Redalpine Capital S.C.S., SICAR III,Nejc,Skoberne,Vereinigte Staaten von Amerika (USA)
Genialis,Redalpine Capital S.C.S., SICAR III,Miha,Štajdohar,Vereinigte Staaten von Amerika (USA)
German Bionic,JOIN Capital Fund I GmbH & Co. KG,Peter,Heiligensetzer,Deutschland
German Bionic,JOIN Capital Fund I GmbH & Co. KG,Armin,Schmidt,Deutschland
Gesso Labs,a16z - CNK Seed Fund I, L.P.,"","","","",""
GetVisibility,Alpha Intelligence Capital Fund 1,Mark,Brosnan,"",Groß-Britanien (UK)
GetVisibility,Alpha Intelligence Capital Fund 1,Ronan,Murphy,"",Groß-Britanien (UK)
GoAutonomous,42Cap III GmbH & Co KG,Bjarke Ruse,Sejersen,"",Dänemark
GoAutonomous,42Cap III GmbH & Co KG,Nikita,Smagin,"",Dänemark
GoAutonomous,42Cap III GmbH & Co KG,Jacob,Ramlov,"",Dänemark
GoAutonomous,42Cap III GmbH & Co KG,Jacob,Hessellund,"",Dänemark
GoMeta, Inc. (koji),BITKRAFT ESPORTS VENTURES I, L.P. (KY),Dmitry,Shapiro,Vereinigte Staaten von Amerika (USA)
GoMeta, Inc. (koji),BITKRAFT ESPORTS VENTURES I, L.P. (KY),Sean,Thielen,Vereinigte Staaten von Amerika (USA)
GoMeta, Inc. (koji),BITKRAFT ESPORTS VENTURES I, L.P. (KY),Jonathan,Miller,Vereinigte Staaten von Amerika (USA)
Golden Recursion Inc.,a16z - CNK Seed Fund I, L.P.,Jude,Gomila,"",Vereinigte Staaten von Amerika (USA)
GoodCarbon,Greenfield One III GmbH & Co. KG,David,Diallo,"",""
GoodCarbon,Greenfield One III GmbH & Co. KG,Jerome,Cochet,mänlich,""
Govly LLC,Nordic Eye II SCSp,Jon,Wright,"",Vereinigte Staaten von Amerika (USA)
Govly LLC,Nordic Eye II SCSp,Mike,Weiland,"",Vereinigte Staaten von Amerika (USA)
Govly LLC,Nordic Eye II SCSp,Nick,Weiland,"",Vereinigte Staaten von Amerika (USA)
Green Theme Technologies, Inc.,Cottonwood Technology Fund III,"","","","",""
GreenPark Sports, Inc.,ADvantage Sports Tech Fund LP,Nick,Swinmurn,"",Vereinigte Staaten von Amerika (USA)
GreenPark Sports, Inc.,ADvantage Sports Tech Fund LP,Ken,Martin,"",Vereinigte Staaten von Amerika (USA)
GreenPark Sports, Inc.,ADvantage Sports Tech Fund LP,Chad,Hurley,"",Vereinigte Staaten von Amerika (USA)
Guidde Inc.,Honeystone Ventures Fund LP,Dan,Sahar,"",Vereinigte Staaten von Amerika (USA)
Guidde Inc.,Honeystone Ventures Fund LP,Yoav,Einav,"",Vereinigte Staaten von Amerika (USA)
HQS Quantum Simulations GmbH,Quantonation I FPCI,Michael,Marthaler,"",Deutschland
HQS Quantum Simulations GmbH,Quantonation I FPCI,Sebastian,Zanker,"",Deutschland
HQS Quantum Simulations GmbH,Quantonation I FPCI,Iris,Schwenk,"",Deutschland
HQS Quantum Simulations GmbH,Quantonation I FPCI,Jan,Reiner,"",Deutschland
Hathora Inc.,Berlin Innovation Ventures 1 GmbH & Co KG,"","","","",""
Here Not There,a16z - CNK Seed Fund I, L.P.,"","","","",""
Highsnobiety,Reimann Investor Management GmbH & Co. 2016 KG,David,Fischer,Deutschland
Highsnobiety,Reimann Investor Management GmbH & Co. 2016 KG,Jürgen,Hopfgartner,Deutschland
Highsnobiety,Reimann Investor Management GmbH & Co. 2016 KG,Max,Berger,Deutschland
Highsnobiety,Reimann Investor Management GmbH & Co. 2016 KG,Jeffrey,Carvalho,Deutschland
Home HT,Redalpine Capital S.C.S., SICAR III,Thilo,Konzok,Deutschland
Home HT,Redalpine Capital S.C.S., SICAR III,Moritz,von Hase,Deutschland
Home3,Honeystone Ventures Fund LP,Nils,Bunger,"",""
Home3,Honeystone Ventures Fund LP,Marcio,von Muhlen,"",""
Honeydew Data, Inc.,Honeystone Ventures Fund LP,Liron,Slonimsky,"",Israel
Horne Technologies LLC.,Cottonwood Technology Fund III,Tanner,Horne,"",Vereinigte Staaten von Amerika (USA)
IG One NFT UG,Greenfield One III GmbH & Co. KG,Matthias,Grobe,mänlich,""
IPRally Technologies Oy,JOIN Capital Fund I GmbH & Co. KG,Sakari,Arvela,"",Finnland
Immortal Game,Greenfield One III GmbH & Co. KG,Thomas,Zaepffel,"",""
ImmunOS,Redalpine Capital S.C.S., SICAR III,Sean,Smith,Schweiz
ImmunOS,Redalpine Capital S.C.S., SICAR III,Osiris,Belaunzaran,Schweiz
InSpek SAS,Quantonation I FPCI,Jérôme,Michon,"",Frankreich
Infinite Canvas Creation, Inc.,BITKRAFT Ventures Fund II, L.P.,Sebastian,Park,"",Vereinigte Staaten von Amerika (USA)
Infinite Canvas Creation, Inc.,BITKRAFT Ventures Fund II, L.P.,Tal,Shachar,"",Vereinigte Staaten von Amerika (USA)
Infinitum Electric,Cottonwood Technology Fund III,Ben,Schuler,"",Vereinigte Staaten von Amerika (USA)
Inkitt,Redalpine Capital S.C.S., SICAR III,Ali,Albazaz,Deutschland
InstaDeep,Alpha Intelligence Capital Fund 1,Karim,Beguir,"",Groß-Britanien (UK)
InstaDeep,Alpha Intelligence Capital Fund 1,Zohra,Slim,"",Groß-Britanien (UK)
Instill AI Ltd.,Berlin Innovation Ventures 1 GmbH & Co KG,Ping-Lin,Chang,"",Groß-Britanien (UK)
Instill AI Ltd.,Berlin Innovation Ventures 1 GmbH & Co KG,Xiaofei,Du,"",Groß-Britanien (UK)
Intelligent NLU GmbH (DeepOpinion),Berlin Innovation Ventures 1 GmbH & Co KG,Stefan,Engl,"",Österreich
Intelligent NLU GmbH (DeepOpinion),Berlin Innovation Ventures 1 GmbH & Co KG,Stefan,Ramershoven,"",""
It´sQ GmbH,Quantonation I FPCI,Alexander,Knobloch,"",""
It´sQ GmbH,Quantonation I FPCI,Ish,Dhand,"",""
It´sQ GmbH,Quantonation I FPCI,Martin B.,Plenio,"",""
It´sQ GmbH,Quantonation I FPCI,Christine,Silberhorn,"",""
JoyRide (Kiwi),BITKRAFT ESPORTS VENTURES I, L.P. (KY),Omar,Siddiqui,Vereinigte Staaten von Amerika (USA)
JoyRide (Kiwi),BITKRAFT ESPORTS VENTURES I, L.P. (KY),Shvetank,Jain,Vereinigte Staaten von Amerika (USA)
JoyRide Games,BITKRAFT ESPORTS VENTURES I, L.P. (KY),Omar,Siddiqui,Vereinigte Staaten von Amerika (USA)
JoyRide Games,BITKRAFT ESPORTS VENTURES I, L.P. (KY),Shvetank,Jain,Vereinigte Staaten von Amerika (USA)
Justpoint Inc.,Honeystone Ventures Fund LP,Oleksandr,Zakharchuk,"",Vereinigte Staaten von Amerika (USA)
Justpoint Inc.,Honeystone Ventures Fund LP,Serge,Zenin,"",Vereinigte Staaten von Amerika (USA)
Justpoint Inc.,Honeystone Ventures Fund LP,Victor,Bornstein,"",Vereinigte Staaten von Amerika (USA)
KETS,Quantonation I FPCI,Chris,Erven,"",Groß-Britanien (UK)
KYP AI,42CAP II GmbH & Co. KG,Frank,Scheuble,Deutschland
KYP AI,42CAP II GmbH & Co. KG,Adam,Bujak,Deutschland
KYP AI,42CAP II GmbH & Co. KG,Miroslaw,Bartecki,Deutschland
KYP AI,42CAP II GmbH & Co. KG,Volker,Darius,Deutschland
Katana,42CAP II GmbH & Co. KG,Hannes,Kert,""
Katana,42CAP II GmbH & Co. KG,Priit,Kaasik,""
Katana,42CAP II GmbH & Co. KG,Kristjan,Vilosius,""
Keller Group,Reimann Investor Management GmbH & Co. 2016 KG,Jakob,Keller,Deutschland
Keller Group,Reimann Investor Management GmbH & Co. 2016 KG,Moritz,Keller,Deutschland
Kipu Quantum GmbH,Quantonation I FPCI,Enrique,Solano,"",Deutschland
Kipu Quantum GmbH,Quantonation I FPCI,Daniel,Volz,"",Deutschland
Kipu Quantum GmbH,Quantonation I FPCI,Tobias,Grab,"",Deutschland
Knowunity,Redalpine Capital S.C.S., SICAR VI,Benedict,Kurz,"",Deutschland
Knowunity,Redalpine Capital S.C.S., SICAR VI,Lucas,Hild,"",Deutschland
Knowunity,Redalpine Capital S.C.S., SICAR VI,Gregor,Weber,"",Deutschland
Knowunity,Redalpine Capital S.C.S., SICAR VI,Julian,Prigl,"",Deutschland
Knowunity,Redalpine Capital S.C.S., SICAR VI,Yannik,Prigl,"",Deutschland
Knowunity,Redalpine Capital S.C.S., SICAR VI,Mario,Götze,mänlich,Deutschland
Knowunity,Redalpine Capital S.C.S., SICAR VI,Verena,Pausder,"",Deutschland
Knowunity,Redalpine Capital S.C.S., SICAR VI,Chris,Hitchen,"",Deutschland
Kolex (Epics Digital),BITKRAFT ESPORTS VENTURES I, L.P. (KY),Gavin,Weeks,Vereinigte Staaten von Amerika (USA)
Kolex (Epics Digital),BITKRAFT ESPORTS VENTURES I, L.P. (KY),Mark,Donovan,Vereinigte Staaten von Amerika (USA)
Kyso Inc.,Berlin Innovation Ventures 1 GmbH & Co KG,Eoin,Murray,"",Vereinigte Staaten von Amerika (USA)
Kyso Inc.,Berlin Innovation Ventures 1 GmbH & Co KG,Helena,Domo,"",Vereinigte Staaten von Amerika (USA)
LILA Games,BITKRAFT ESPORTS VENTURES I, L.P. (KY),Joseph,Kim,"",India
LILA Games,BITKRAFT ESPORTS VENTURES I, L.P. (KY),Paul,Leydon,"",India
LIV Inc.,BITKRAFT Ventures Fund II, L.P.,"","","","",""
LUMIFORM,42CAP II GmbH & Co. KG,Lukas,Blasberg,Deutschland
LUMIFORM,42CAP II GmbH & Co. KG,Philip,Blasberg,Deutschland
Lang Artificial Intelligence, INC,Honeystone Ventures Fund LP,Basil,Polsonetti,"",Spanien
Lang Artificial Intelligence, INC,Honeystone Ventures Fund LP,Jorge,Peñalva,"",Spanien
Lang Artificial Intelligence, INC,Honeystone Ventures Fund LP,Enrique,Fueyo,"",Spanien
Lang Artificial Intelligence, INC,Honeystone Ventures Fund LP,Borja,González,"",Spanien
Lark Health,Alpha Intelligence Capital Fund 1,Julia,Hu,Vereinigte Staaten von Amerika (USA)
Lark Health,Alpha Intelligence Capital Fund 1,Jeff,Zira,Vereinigte Staaten von Amerika (USA)
Lassen Peak,Alpha Intelligence Capital Fund 1,Hatch,Graham,"",Vereinigte Staaten von Amerika (USA)
Lassen Peak,Alpha Intelligence Capital Fund 1,Ehsan,Afshari,mänlich,Vereinigte Staaten von Amerika (USA)
Lassen Peak,Alpha Intelligence Capital Fund 1,Ryan,Kearny,"",Vereinigte Staaten von Amerika (USA)
LeanSpace,42Cap III GmbH & Co KG,Guillaume,Tanier,"",Frankreich
LeanSpace,42Cap III GmbH & Co KG,Alvaro Alonso,Ruiz,"",Frankreich
LeanSpace,42Cap III GmbH & Co KG,Gaurav,Lanjekar,"",Frankreich
LeanSpace,42Cap III GmbH & Co KG,Stan,Kaethler,"",Frankreich
Legendary Play GmbH (Meta Games),BITKRAFT ESPORTS VENTURES I, L.P. (KY),Roman,Frank,Deutschland
LemonOne,Redalpine Capital S.C.S., SICAR III,Maximilian,Schwahn,Deutschland
LemonOne,Redalpine Capital S.C.S., SICAR III,Daniel,Dihn,Deutschland
LemonOne,Redalpine Capital S.C.S., SICAR III,Timur,Kayacı,Deutschland
LemonOne,Redalpine Capital S.C.S., SICAR III,Lorenz,Marquardt,Deutschland
LightOn,Quantonation I FPCI,Igor,Carron,"",Frankreich
LightOn,Quantonation I FPCI,Laurent,Daudet,"",Frankreich
Lightforge Games, Inc.,BITKRAFT Ventures Fund II, L.P.,"","","","",""
Lightspark Group,a16z - CNK Fund IV, L.P.,"","","","",""
Liminal Experiences, Inc.,BITKRAFT Ventures Fund II, L.P.,Brendan,Mulligan,"",Vereinigte Staaten von Amerika (USA)
Literal Technologies, Inc.,BITKRAFT Ventures Fund II, L.P.,Lawton,Smith,"",Vereinigte Staaten von Amerika (USA)
Literal Technologies, Inc.,BITKRAFT Ventures Fund II, L.P.,Michael,Romrell,"",Vereinigte Staaten von Amerika (USA)
Lofelt,BITKRAFT ESPORTS VENTURES I, L.P. (KY),Gwydion,Dafydd,Deutschland
Lofelt,BITKRAFT ESPORTS VENTURES I, L.P. (KY),Daniel,Büttner,Deutschland
Lost Lake Games Ltd.,BITKRAFT Ventures Fund II, L.P.,James,Phinney,"",Vereinigte Staaten von Amerika (USA)
Lost Lake Games Ltd.,BITKRAFT Ventures Fund II, L.P.,Joe,Pikop,"",Vereinigte Staaten von Amerika (USA)
Lost Lake Games Ltd.,BITKRAFT Ventures Fund II, L.P.,Mark,Pottorf,"",Vereinigte Staaten von Amerika (USA)
Luda Studios Inc,BITKRAFT Ventures Fund II, L.P.,Vijay,Sundaram,mänlich,Vereinigte Staaten von Amerika (USA)
Luya Foods AG,Redalpine Capital S.C.S., SICAR VI,Michael,Whyte,"",Schweiz
Luya Foods AG,Redalpine Capital S.C.S., SICAR VI,Flavio,Hagenbuch,"",Schweiz
Magic DAYW AG,BITKRAFT Ventures Fund II, L.P.,Christian Urs,Keller,"",Schweiz
Mangrove,Greenfield One III GmbH & Co. KG,Adrien,Husson,"",Frankreich
Manticore Games,BITKRAFT Ventures Opportunity Fund I, L.P,Frederic,Descamos,Vereinigte Staaten von Amerika (USA)
Manticore Games,BITKRAFT Ventures Opportunity Fund I, L.P,Jordan,Maynard,Vereinigte Staaten von Amerika (USA)
Manticore Games,BITKRAFT Ventures Opportunity Fund I, L.P,Frederic,Descamos,Vereinigte Staaten von Amerika (USA)
Manticore Games,BITKRAFT Ventures Opportunity Fund I, L.P,Jordan,Maynard,Vereinigte Staaten von Amerika (USA)
Mate.Bike International IVS,Nordic Eye II SCSp,Christian,Adel Michael,"",Dänemark
Mate.Bike International IVS,Nordic Eye II SCSp,Julie,Kronstrøm Carton,"",Dänemark
MemQ,Quantonation I FPCI,Manish Kumar,Singh,"",Vereinigte Staaten von Amerika (USA)
Merkle Manufactory,a16z - CNK Seed Fund I, L.P.,Daniel,Romero,"",Vereinigte Staaten von Amerika (USA)
Merkle Manufactory,a16z - CNK Seed Fund I, L.P.,Varun,Srinivasan,"",Vereinigte Staaten von Amerika (USA)
Methodical Games, Inc.,BITKRAFT Ventures Fund II, L.P.,Frank,Gigliotti,"",Vereinigte Staaten von Amerika (USA)
Methodical Games, Inc.,BITKRAFT Ventures Fund II, L.P.,Dave,Ratti,"",Vereinigte Staaten von Amerika (USA)
Methodical Games, Inc.,BITKRAFT Ventures Fund II, L.P.,Adam,Bellefeuil,"",Vereinigte Staaten von Amerika (USA)
Mobius Labs GmbH,Berlin Innovation Ventures 1 GmbH & Co KG,Appu,Shaji,"",Deutschland
Molecule GmbH,Berlin Innovation Ventures 1 GmbH & Co KG,Paul,Kohlhaas,"",Schweiz
Molecule GmbH,Berlin Innovation Ventures 1 GmbH & Co KG,Tyler,Golato,"",Schweiz
Moniker,BITKRAFT ESPORTS VENTURES I, L.P. (KY),Jon,Gurman,Vereinigte Staaten von Amerika (USA)
Moniker,BITKRAFT ESPORTS VENTURES I, L.P. (KY),Jens,Hilgers,Vereinigte Staaten von Amerika (USA)
Morressier,Redalpine Capital S.C.S., SICAR III,Sami,Benchekroun,Deutschland
Morressier,Redalpine Capital S.C.S., SICAR III,Justus,Weweler,Deutschland
Morressier,Redalpine Capital S.C.S., SICAR III,Rino,Montiel,Deutschland
Multiverse Computing,Quantonation I FPCI,Roman,Orús,"",Spanien
Multiverse Computing,Quantonation I FPCI,Sam,Mugel,"",Spanien
Multiverse Computing,Quantonation I FPCI,Alfonso,Rubio,"",Spanien
Multiverse Computing,Quantonation I FPCI,Enrique,Lizaso,"",Spanien
Murmur Labs Inc.,Greenfield One III GmbH & Co. KG,Aaron,Dignan,"",Vereinigte Staaten von Amerika (USA)
Mutable Inc.,Berlin Innovation Ventures 1 GmbH & Co KG,"","","","",""
Mysten Labs,a16z - CNK Fund IV, L.P.,"","","","",""
Mystic AI (vormals Neuro AI Inc.),Berlin Innovation Ventures 1 GmbH & Co KG,Paul,Hetherington,"",Groß-Britanien (UK)
Mystic AI (vormals Neuro AI Inc.),Berlin Innovation Ventures 1 GmbH & Co KG,Oscar,Rovira,"",Groß-Britanien (UK)
Network Next,BITKRAFT ESPORTS VENTURES I, L.P. (KY),Evan,Todd,Vereinigte Staaten von Amerika (USA)
Network Next,BITKRAFT ESPORTS VENTURES I, L.P. (KY),Glenn,Fiedler,Vereinigte Staaten von Amerika (USA)
Network Next,BITKRAFT ESPORTS VENTURES I, L.P. (KY),Moiz,Alam,Vereinigte Staaten von Amerika (USA)
Network Next,BITKRAFT ESPORTS VENTURES I, L.P. (KY),Nathan,Drabsch,Vereinigte Staaten von Amerika (USA)
Neurolaboratories Limited,Berlin Innovation Ventures 1 GmbH & Co KG,Paul,Pop,"",Groß-Britanien (UK)
Neurolaboratories Limited,Berlin Innovation Ventures 1 GmbH & Co KG,Patric,Fulop,"",Groß-Britanien (UK)
Neurolaboratories Limited,Berlin Innovation Ventures 1 GmbH & Co KG,Remus,Pop,"",Groß-Britanien (UK)
Nightstreet Games, Inc.,BITKRAFT Ventures Fund II, L.P.,"","","","",""
Nina Protocol Corp.,Greenfield One III GmbH & Co. KG,Eric,Farber,mänlich,Vereinigte Staaten von Amerika (USA)
Nina Protocol Corp.,Greenfield One III GmbH & Co. KG,Jack,Callahan,mänlich,Vereinigte Staaten von Amerika (USA)
Nina Protocol Corp.,Greenfield One III GmbH & Co. KG,Mike,Pollard,mänlich,Vereinigte Staaten von Amerika (USA)
Noodl & Future Platforms AB,42Cap III GmbH & Co KG,James,Haliburton,"",Schweden
Noodl & Future Platforms AB,42Cap III GmbH & Co KG,Anders,Larsson,"",Schweden
Noodl & Future Platforms AB,42Cap III GmbH & Co KG,Mikael,Tellhed,"",Schweden
Noodl & Future Platforms AB,42Cap III GmbH & Co KG,Michael,Cartner,"",Schweden
Nord Quantique,Quantonation I FPCI,Philippe,St. Jean,"",Kanada
Nord Quantique,Quantonation I FPCI,Julien,Camirand Lemyre,"",Kanada
Nostos Genomics GmbH,42Cap III GmbH & Co KG,David,Gorgan,"",Deutschland
Nostos Genomics GmbH,42Cap III GmbH & Co KG,Rocío,Acuña-Hidalgo,"",Deutschland
ORCA Computing,Quantonation I FPCI,Ian,Walmsley,"",Groß-Britanien (UK)
ORCA Computing,Quantonation I FPCI,Richard,Murray,"",Groß-Britanien (UK)
ORCA Computing,Quantonation I FPCI,Josh,Nunn,"",Groß-Britanien (UK)
ORCA Computing,Quantonation I FPCI,Cristina,Escoda,"",Groß-Britanien (UK)
ORDA,42CAP II GmbH & Co. KG,Janis,Marquardt,Deutschland
ORDA,42CAP II GmbH & Co. KG,Peter,Juras,Deutschland
ORDA,42CAP II GmbH & Co. KG,Christian,Feuerbacher,Deutschland
Octane11, Inc.,Honeystone Ventures Fund LP,Dan,Rosenberg,"",Vereinigte Staaten von Amerika (USA)
Octane11, Inc.,Honeystone Ventures Fund LP,Jib,Hunt,"",Vereinigte Staaten von Amerika (USA)
Office App,JOIN Capital Fund I GmbH & Co. KG,Thijs,van der Burgt,Niederlande
Oneshot  AI Limited,42Cap III GmbH & Co KG,Gautam,Rishi,"",""
Oneshot  AI Limited,42Cap III GmbH & Co KG,Will,Neale,"",""
OpenBCI Inc.,BITKRAFT Ventures Fund II, L.P.,Conor,Russomanno,"",""
Opteran Technologies Limited,JOIN Capital Fund I GmbH & Co. KG,David,Rajan,"",Groß-Britanien (UK)
Opteran Technologies Limited,JOIN Capital Fund I GmbH & Co. KG,Alex,Cope,"",Groß-Britanien (UK)
Osaro,Alpha Intelligence Capital Fund 1,Derik,Pridmore,Vereinigte Staaten von Amerika (USA)
Osaro,Alpha Intelligence Capital Fund 1,Itamar,Arel,Vereinigte Staaten von Amerika (USA)
Osaro,Alpha Intelligence Capital Fund 1,Michael,Kahane,Vereinigte Staaten von Amerika (USA)
PASQAL,Quantonation I FPCI,Christophe,Jurczak,"",Frankreich
PASQAL,Quantonation I FPCI,Georges-Olivier,Reymond,"",Frankreich
PairUp, Inc.,Honeystone Ventures Fund LP,"","","","",""
Paladin,Greenfield One III GmbH & Co. KG,Romain,Figuereo,"",Frankreich
Peak21,Nordic Eye II SCSp,Jennifer,Chong,"",Vereinigte Staaten von Amerika (USA)
Peak21,Nordic Eye II SCSp,Roman,Khan,"",Vereinigte Staaten von Amerika (USA)
Peak21,Nordic Eye II SCSp,Edoardo,Romagnoli,"",Vereinigte Staaten von Amerika (USA)
Phase,42CAP II GmbH & Co. KG,Nick,Budden,Deutschland
Philippo Ltd.,Honeystone Ventures Fund LP,Guido,Galanter,"",Chile
Philippo Ltd.,Honeystone Ventures Fund LP,Nicolás,Piqueras,"",Chile
Philippo Ltd.,Honeystone Ventures Fund LP,Tomás,Gropper,"",Chile
Photoneo s. r. o.,Alpha Intelligence Capital Fund 1,Jan,Zizka,"",Slovakien
Photoneo s. r. o.,Alpha Intelligence Capital Fund 1,Tomas,Kovacovsky,"",Slovakien
Picterra S.A.,Join Capital Fund II GmbH & Co KG,Frank,de Morsier,"",Schweiz
Picterra S.A.,Join Capital Fund II GmbH & Co KG,Pierrick,Poulenas,"",Schweiz
Pixel Photonics,Quantonation I FPCI,Nicolai,Walter,"",Deutschland
Pixel Photonics,Quantonation I FPCI,Wladick,Hartmann,"",Deutschland
Pixel Photonics,Quantonation I FPCI,Fabian,Beutel,"",Deutschland
Pixel Photonics,Quantonation I FPCI,Martin,Wolff,"",Deutschland
Pixel Photonics,Quantonation I FPCI,Christoph,Seidenstücker,"",Deutschland
PlayBrain,BITKRAFT ESPORTS VENTURES I, L.P. (KY),Mike,Sheetal,Japan
Playable Worlds Inc.,BITKRAFT ESPORTS VENTURES I, L.P. (KY),Raph,Koster,Vereinigte Staaten von Amerika (USA)
Playable Worlds Inc.,BITKRAFT ESPORTS VENTURES I, L.P. (KY),Eric,Goldberg,Vereinigte Staaten von Amerika (USA)
PocketzWorld, Inc (Highrise),BITKRAFT Ventures Opportunity Fund I, L.P,David,Lovatt,"",Vereinigte Staaten von Amerika (USA)
PocketzWorld, Inc (Highrise),BITKRAFT Ventures Opportunity Fund I, L.P,David,Lovatt,"",Vereinigte Staaten von Amerika (USA)
Polygon,a16z - CNK Fund IV, L.P.,Anurag,Arjun,"",India
Polygon,a16z - CNK Fund IV, L.P.,Jaynti,Kanani,"",India
Polygon,a16z - CNK Fund IV, L.P.,Mihailo,Bielic,"",India
Polygon,a16z - CNK Fund IV, L.P.,Sandeep,Nailwal,"",India
Popgun Labs Pty Ltd (dba Splash),BITKRAFT Ventures Fund II, L.P.,Stephen,Phillips,"",Australien
Popgun Labs Pty Ltd (dba Splash),BITKRAFT Ventures Fund II, L.P.,Adam,Hibble,"",Australien
Potrero Labs Inc.,a16z - CNK Seed Fund I, L.P.,"","","","",""
Probably Nothing Inc. (DISCO),BITKRAFT Ventures Fund II, L.P.,Evin,McMullen,"",""
Probably Nothing Inc. (DISCO),BITKRAFT Ventures Fund II, L.P.,Justin,Connor,"",""
Probo Media Technologies Private Limited,Honeystone Ventures Fund LP,Sachin,Gupta,"",India
Probo Media Technologies Private Limited,Honeystone Ventures Fund LP,Ashish,Garg,"",India
Prodsmart,JOIN Capital Fund I GmbH & Co. KG,Gonçalo,Fortes,Portugal
Proof Holdings,a16z - CNK Fund IV, L.P.,"","","","",""
Proscia Inc.,Alpha Intelligence Capital Fund 1,Coleman,Stavish,mänlich,Vereinigte Staaten von Amerika (USA)
Proscia Inc.,Alpha Intelligence Capital Fund 1,David,West,mänlich,Vereinigte Staaten von Amerika (USA)
Proscia Inc.,Alpha Intelligence Capital Fund 1,Nathan,Buchbinder,mänlich,Vereinigte Staaten von Amerika (USA)
Provenance,Nordic Eye II SCSp,Jessi,Baker,"",Groß-Britanien (UK)
Proxyclick,JOIN Capital Fund I GmbH & Co. KG,Gregory,Blondeau,Belgien
Q Development AG (Q Network),Greenfield One III GmbH & Co. KG,Nicolas,Biagosch,"",Liechtenstein
QUBIT Pharmaceuticals,Quantonation I FPCI,Louis,Lagardère,"",Frankreich
QUBIT Pharmaceuticals,Quantonation I FPCI,Matthieu,Montes,"",Frankreich
QUBIT Pharmaceuticals,Quantonation I FPCI,Jean-Philip,Piquemal,"",Frankreich
QUBIT Pharmaceuticals,Quantonation I FPCI,Jay,Ponder,"",Frankreich
QUBIT Pharmaceuticals,Quantonation I FPCI,Pengyu,Ren,"",Frankreich
Qdrant Solutions GmbH,42Cap III GmbH & Co KG,Andre,Zayarni,"",Deutschland
Qdrant Solutions GmbH,42Cap III GmbH & Co KG,Andrey,Vasnetsov,"",Deutschland
Qnami AG,Quantonation I FPCI,Patrick,Maletinsky,"",Schweiz
Qnami AG,Quantonation I FPCI,Felipe,Favaro,"",Schweiz
Qnami AG,Quantonation I FPCI,Alexander,Stark,"",Schweiz
Qnami AG,Quantonation I FPCI,Mathieu,Munsch,"",Schweiz
QphoX B.V.,Quantonation I FPCI,Simon,Groeblacher,"",Niederlande
QphoX B.V.,Quantonation I FPCI,Frederick,Hijazi,"",Niederlande
QphoX B.V.,Quantonation I FPCI,Robert,Stockill,"",Niederlande
Qu&Co BV,Quantonation I FPCI,Vincent,Elfving,"",Niederlande
Qu&Co BV,Quantonation I FPCI,Benno,Broer,"",Niederlande
Quandela,Quantonation I FPCI,Pascale,Senellart,"",Frankreich
Quandela,Quantonation I FPCI,Niccolo,Somaschi,"",Frankreich
Quandela,Quantonation I FPCI,Valerian,Giesz,"",Frankreich
Quantum Benchmark Inc.,Quantonation I FPCI,Joseph,Emerson,"",Vereinigte Staaten von Amerika (USA)
Quantum Benchmark Inc.,Quantonation I FPCI,Joel,Wallman,"",Vereinigte Staaten von Amerika (USA)
Quantum Catalyzer,Quantonation I FPCI,Ronald,Walsworth,"",""
Quarterback,BITKRAFT ESPORTS VENTURES I, L.P. (KY),Alexander,Mazyarik,Vereinigte Staaten von Amerika (USA)
Quarterback,BITKRAFT ESPORTS VENTURES I, L.P. (KY),Dror,Cohen,Vereinigte Staaten von Amerika (USA)
Quarterback,BITKRAFT ESPORTS VENTURES I, L.P. (KY),Jonathan,Weinberg,Vereinigte Staaten von Amerika (USA)
Quarterback,BITKRAFT ESPORTS VENTURES I, L.P. (KY),Yevgeni,Volovich,Vereinigte Staaten von Amerika (USA)
Queens Gaming,BITKRAFT ESPORTS VENTURES I, L.P. (KY),Alisa,Jacobs,"",Vereinigte Staaten von Amerika (USA)
Queens Gaming,BITKRAFT ESPORTS VENTURES I, L.P. (KY),Justin J.,Giangrande,"",Vereinigte Staaten von Amerika (USA)
Qunnect,Quantonation I FPCI,Mehdi,Namazi,"",Vereinigte Staaten von Amerika (USA)
Qunnect,Quantonation I FPCI,Mael,Flament,"",Vereinigte Staaten von Amerika (USA)
Raid Base, Inc.,BITKRAFT Ventures Fund II, L.P.,"","","","",""
Ratio Technologies Inc.,Honeystone Ventures Fund LP,Ashish,Srimal,"",Vereinigte Staaten von Amerika (USA)
Ratio Technologies Inc.,Honeystone Ventures Fund LP,Mason,Blake,"",Vereinigte Staaten von Amerika (USA)
Razor Group GmbH,Redalpine Opportunity Fund SCS,Tushar,Ahluwalia,"",Deutschland
Razor Group GmbH,Redalpine Opportunity Fund SCS,Christoph,Gamon,"",Deutschland
ReaQta,Alpha Intelligence Capital Fund 1,"","","","",""
Ready Makers Inc.,BITKRAFT ESPORTS VENTURES I, L.P. (KY),David,Bennahum,Vereinigte Staaten von Amerika (USA)
RealFevr,ADvantage Sports Tech Fund LP,Bruno Filipe,Lourenco Coelho,"",Portugal
RealFevr,ADvantage Sports Tech Fund LP,Jose,Santos,"",Portugal
RealFevr,ADvantage Sports Tech Fund LP,Tiago,Bem,"",Portugal
RealFevr,ADvantage Sports Tech Fund LP,Tiago,Dias,"",Portugal
Redpill VR,BITKRAFT ESPORTS VENTURES I, L.P. (KY),Rob,Stromberg,Vereinigte Staaten von Amerika (USA)
Redpill VR,BITKRAFT ESPORTS VENTURES I, L.P. (KY),Sébastien,Deguy,Vereinigte Staaten von Amerika (USA)
Resolution Games AB,BITKRAFT Ventures Opportunity Fund I, L.P,Tommy,Palm,mänlich,Schweden
Retina AI Inc.,Alpha Intelligence Capital Fund 1,Emad,Hasan,"",Vereinigte Staaten von Amerika (USA)
Return Entertainment Oy,BITKRAFT Ventures Fund II, L.P.,"","","","",""
RheoCube,JOIN Capital Fund I GmbH & Co. KG,Eric,Lorenz,"",Niederlande
Rigetti,Alpha Intelligence Capital Fund 1,Chad,Rigetti,Vereinigte Staaten von Amerika (USA)
Robinhood Financial LLC,Redalpine Opportunity Fund SCS,Vlad,Tenev,"",Vereinigte Staaten von Amerika (USA)
Robinhood Financial LLC,Redalpine Opportunity Fund SCS,Baiju,Bhatt,"",Vereinigte Staaten von Amerika (USA)
Room,Nordic Eye II SCSp,Brian,Chen,"",Vereinigte Staaten von Amerika (USA)
Room,Nordic Eye II SCSp,Henrik,Zillmer,"",Vereinigte Staaten von Amerika (USA)
Room,Nordic Eye II SCSp,Morten,Meisner-Jensen,"",Vereinigte Staaten von Amerika (USA)
Rooter,ADvantage Sports Tech Fund LP,Piyush,Kumar,"",India
Rooter,ADvantage Sports Tech Fund LP,Dipesh,Agarwal,"",India
Rosie Reality,Redalpine Capital S.C.S., SICAR III,Peter,Spence,Schweiz
Rosie Reality,Redalpine Capital S.C.S., SICAR III,Sélim,Benayat,Schweiz
Rosie Reality,Redalpine Capital S.C.S., SICAR III,Mugeeb,Hassan,Schweiz
Rosie Reality,Redalpine Capital S.C.S., SICAR III,Florian,Maushart,Schweiz
Roundhill Financial, Inc.,BITKRAFT ESPORTS VENTURES I, L.P. (KY),Tim,Maloney,Vereinigte Staaten von Amerika (USA)
Roundhill Financial, Inc.,BITKRAFT ESPORTS VENTURES I, L.P. (KY),Will,Hershey,Vereinigte Staaten von Amerika (USA)
Ruckus Games, Inc.,BITKRAFT Ventures Fund II, L.P.,Christofer,Strasz,"",Vereinigte Staaten von Amerika (USA)
Ruckus Games, Inc.,BITKRAFT Ventures Fund II, L.P.,Scott,Kester,"",Vereinigte Staaten von Amerika (USA)
Runtime GmbH,BITKRAFT ESPORTS VENTURES I, L.P. (KY),Raul,Cid,Deutschland
SENCURE B.V.,Cottonwood Technology Fund III,Jurryt,Vellinga,"",Niederlande
SPATIAL,BITKRAFT ESPORTS VENTURES I, L.P. (KY),Calin,Pacurariu,Vereinigte Staaten von Amerika (USA)
SPATIAL,BITKRAFT ESPORTS VENTURES I, L.P. (KY),Michael,Plitkins,Vereinigte Staaten von Amerika (USA)
SPENDIT,Reimann Investor Management GmbH & Co. 2016 KG,Ralph,Meyer,Deutschland
SPENDIT,Reimann Investor Management GmbH & Co. 2016 KG,Florian,Gottschaller,Deutschland
SWISSCLEAR GLOBAL INC.(TAPPP),ADvantage Sports Tech Fund LP,Sundip,Agarwal,"",Vereinigte Staaten von Amerika (USA)
Samudai Technologies Pte Ltd,Berlin Innovation Ventures 1 GmbH & Co KG,"","","","",""
Sanctuary Ventures, Inc.,BITKRAFT Ventures Fund II, L.P.,Ross,Clark,"",Vereinigte Staaten von Amerika (USA)
Sarcophagus,Greenfield One III GmbH & Co. KG,Parker,McCurley,"",""
Sarcophagus,Greenfield One III GmbH & Co. KG,Zach,Hamilton,"",""
"Schumpeter Enterprises Inc. ""CABANA""",Nordic Eye II SCSp,Scott,Kubly,"",Vereinigte Staaten von Amerika (USA)
Second SAS,42Cap III GmbH & Co KG,"","","","",""
Sennder GmbH,Redalpine Opportunity Fund SCS,Julius,Koehler,"",""
Sennder GmbH,Redalpine Opportunity Fund SCS,David,Nothacker,"",""
Sennder GmbH,Redalpine Opportunity Fund SCS,Nicolaus,Schefenacker,"",""
SenseTime,Alpha Intelligence Capital Fund 1,Tang,Xiao’ou,Hong Kong
Sensorium Technology Labs,Quantonation I FPCI,Simone,de Liberato,"",""
ShareIQ,JOIN Capital Fund I GmbH & Co. KG,Bernhard,Weißhuhn,Deutschland
ShareIQ,JOIN Capital Fund I GmbH & Co. KG,Brian,Killen,Deutschland
Shimmer Inc.,Honeystone Ventures Fund LP,Chris,Wang,"",Vereinigte Staaten von Amerika (USA)
Shimmer Inc.,Honeystone Ventures Fund LP,Jon,Wang,"",Vereinigte Staaten von Amerika (USA)
Shimmer Inc.,Honeystone Ventures Fund LP,Vikram,Sreedhar,"",Vereinigte Staaten von Amerika (USA)
ShowHeros,Redalpine Opportunity Fund SCS,Ilhan,Zengin,"",Deutschland
ShowHeros,Redalpine Opportunity Fund SCS,Mario,Tiedemann,"",Deutschland
ShowHeros,Redalpine Opportunity Fund SCS,Dennis,Kirschner,"",Deutschland
Sidledes AB (Strafe),BITKRAFT ESPORTS VENTURES I, L.P. (KY),Einar,Ahlström,Schweden
Sidledes AB (Strafe),BITKRAFT ESPORTS VENTURES I, L.P. (KY),Jonathan,Liberman,Schweden
Sidledes AB (Strafe),BITKRAFT ESPORTS VENTURES I, L.P. (KY),Robert,Samuelsson,Schweden
Silico Ltd.,Join Capital Fund II GmbH & Co KG,John,Hill,"",Groß-Britanien (UK)
Silico Ltd.,Join Capital Fund II GmbH & Co KG,Chris,Spencer,"",Groß-Britanien (UK)
SimplicityDX,42Cap III GmbH & Co KG,"","","","",""
Skyresponse AB,Nordic Eye II SCSp,Martin,Reidevall,"",Schweden
SmartNanotubes Technologies GmbH,Cottonwood Technology Fund III,Birte,Sönnichsen,"",Deutschland
SmartNanotubes Technologies GmbH,Cottonwood Technology Fund III,Viktor,Bezugly,"",Deutschland
Sneaky Panda Ltd.,BITKRAFT Ventures Fund II, L.P.,Niv,Touboul,"",""
Sneaky Panda Ltd.,BITKRAFT Ventures Fund II, L.P.,Ron,Rejwan,"",""
Solana,a16z - CNK Fund IV, L.P.,Anatoly,Yakovenko,"",Vereinigte Staaten von Amerika (USA)
Solana,a16z - CNK Fund IV, L.P.,Greg,Fitzgerald,"",Vereinigte Staaten von Amerika (USA)
Solana,a16z - CNK Fund IV, L.P.,Zed,Zed,"",Vereinigte Staaten von Amerika (USA)
Solana,a16z - CNK Fund IV, L.P.,Raj,Gokal,"",Vereinigte Staaten von Amerika (USA)
Solana,a16z - CNK Fund IV, L.P.,Stephen,Akridge,"",Vereinigte Staaten von Amerika (USA)
SoundReply GmbH (How.fm),Join Capital Fund II GmbH & Co KG,Andreas,Kwiatkowski,"",""
SoundReply GmbH (How.fm),Join Capital Fund II GmbH & Co KG,Farhoud,Cheraghi,"",""
SpaceX,Redalpine Opportunity Fund SCS,Elon,Musk,"",Vereinigte Staaten von Amerika (USA)
Spilsbury Holdings Inc. (Aztec Network),a16z - CNK Fund IV, L.P.,"","","","",""
Sprocket Games, Inc.,BITKRAFT Ventures Fund II, L.P.,"","","","",""
Stackers Inc.,Berlin Innovation Ventures 1 GmbH & Co KG,"","","","",""
Superbloom Games, Inc.,BITKRAFT Ventures Fund II, L.P.,Emily,Yim,"",Vereinigte Staaten von Amerika (USA)
Superbloom Games, Inc.,BITKRAFT Ventures Fund II, L.P.,Ksusha,Zito,"",Vereinigte Staaten von Amerika (USA)
"Sweeps AI Inc (""ZARAZ"")",Honeystone Ventures Fund LP,Yair,Dovrad,"",Vereinigte Staaten von Amerika (USA)
TEEMYCO,42Cap III GmbH & Co KG,"","","","",""
TILT FIVE,BITKRAFT ESPORTS VENTURES I, L.P. (KY),Jeri,Ellsworth,Vereinigte Staaten von Amerika (USA)
TMV,Nordic Eye II SCSp,"","","","",""
Taxfix,Redalpine Opportunity Fund SCS,Mathis,Büchi,Deutschland
Taxfix,Redalpine Opportunity Fund SCS,Lino,Teuteberg,Deutschland
Taxfix,Redalpine Opportunity Fund SCS,Mathis,Büchi,Deutschland
Taxfix,Redalpine Opportunity Fund SCS,Lino,Teuteberg,Deutschland
Taxy.io,42Cap III GmbH & Co KG,Sven,Peper,"",Deutschland
Taxy.io,42Cap III GmbH & Co KG,Daniel,Kirch,"",Deutschland
Taxy.io,42Cap III GmbH & Co KG,Steffen,Kirchhoff,"",Deutschland
Taxy.io,42Cap III GmbH & Co KG,Sven,Weber,"",Deutschland
Tempus Ex,ADvantage Sports Tech Fund LP,Charlie,Ebersol,"",Vereinigte Staaten von Amerika (USA)
Tempus Ex,ADvantage Sports Tech Fund LP,Mike,Naquin,"",Vereinigte Staaten von Amerika (USA)
Tempus Ex,ADvantage Sports Tech Fund LP,Erik,Schwartz,"",Vereinigte Staaten von Amerika (USA)
The Action Network,BITKRAFT ESPORTS VENTURES I, L.P. (KY),Peter,Chernin,Vereinigte Staaten von Amerika (USA)
The Fabricant,Greenfield One III GmbH & Co. KG,Kerry,Murphy,"",Niederlande
The Fabricant,Greenfield One III GmbH & Co. KG,Amber,Slooten,"",Niederlande
The Fabricant,Greenfield One III GmbH & Co. KG,Adriana,Hoppenbrouwer,"",Niederlande
Theai, Inc. (Inworld Al),BITKRAFT Ventures Fund II, L.P.,Ilya,Gelfenbeyn,"",Vereinigte Staaten von Amerika (USA)
Theai, Inc. (Inworld Al),BITKRAFT Ventures Fund II, L.P.,Michael,Ermolenko,"",Vereinigte Staaten von Amerika (USA)
Theorycraft Games Inc.,BITKRAFT Ventures Fund II, L.P.,Areeb,Pirani,"",""
Theorycraft Games Inc.,BITKRAFT Ventures Fund II, L.P.,Joe,Tung,"",""
Theorycraft Games Inc.,BITKRAFT Ventures Fund II, L.P.,Michael,Evans,"",""
Tolremo Therapeutics AG,Redalpine Capital S.C.S., SICAR III,Stefanie,Flückiger,Schweiz
Tolremo Therapeutics AG,Redalpine Capital S.C.S., SICAR III,Jens,Okkels,Schweiz
Tonk Tonk Games,BITKRAFT ESPORTS VENTURES I, L.P. (KY),Joon,Kim,Vereinigte Staaten von Amerika (USA)
Track160,ADvantage Sports Tech Fund LP,Micky,Tamir,"",Israel
Track160,ADvantage Sports Tech Fund LP,Michael,Birnboim,"",Israel
Trioscope Studios, Inc.,BITKRAFT Ventures Fund II, L.P.,L.C.,Crowley,"",Vereinigte Staaten von Amerika (USA)
Trioscope Studios, Inc.,BITKRAFT Ventures Fund II, L.P.,Greg,Jonkajtys,"",Vereinigte Staaten von Amerika (USA)
Trioscope Studios, Inc.,BITKRAFT Ventures Fund II, L.P.,Brandon,Barr,"",Vereinigte Staaten von Amerika (USA)
Tripp Inc,BITKRAFT Ventures Fund II, L.P.,Nanea,Reeves,"",Vereinigte Staaten von Amerika (USA)
Tripp Inc,BITKRAFT Ventures Fund II, L.P.,Zachary,Norman,"",Vereinigte Staaten von Amerika (USA)
Umiami,Redalpine Capital S.C.S., SICAR VI,Tristan,Maurel,"",Frankreich
Umiami,Redalpine Capital S.C.S., SICAR VI,Martin,Habfast,"",Frankreich
Umiami,Redalpine Capital S.C.S., SICAR VI,Clémence,Pedraza,"",Frankreich
Unbound Nation AG,Greenfield One III GmbH & Co. KG,Philipp,Hübner,"",Schweiz
Unbound Nation AG,Greenfield One III GmbH & Co. KG,Gennadi,Tschernow,"",Schweiz
Unbound Nation AG,Greenfield One III GmbH & Co. KG,Steven,Figura,"",Schweiz
Underlining LLC,Nordic Eye II SCSp,Razvan,Romanescu,"",Vereinigte Staaten von Amerika (USA)
Underlining LLC,Nordic Eye II SCSp,Aidan,Cole,"",Vereinigte Staaten von Amerika (USA)
Uniswap,a16z - CNK Fund IV, L.P.,"","","","",""
Utopia Music AG,Nordic Eye II SCSp,Mattias,Hjelmstedt,"",Schweiz
VOICEMOD,BITKRAFT ESPORTS VENTURES I, L.P. (KY),Jaime,Bosch,Spanien
Valispace GmbH,JOIN Capital Fund I GmbH & Co. KG,Marco,Witzmann,Deutschland
Valispace GmbH,JOIN Capital Fund I GmbH & Co. KG,Louise,Lindblad,Deutschland
Valispace GmbH,JOIN Capital Fund I GmbH & Co. KG,Simon,Bussche,Deutschland
Valispace GmbH,JOIN Capital Fund I GmbH & Co. KG,Hardware,Club,Deutschland
Vamstar,Alpha Intelligence Capital Fund 1,Praful,Metha,mänlich,Groß-Britanien (UK)
Vamstar,Alpha Intelligence Capital Fund 1,Richard,Freeman,mänlich,Groß-Britanien (UK)
Veo Robotics,Alpha Intelligence Capital Fund 1,Scott,Denenberg,"",Vereinigte Staaten von Amerika (USA)
Veo Robotics,Alpha Intelligence Capital Fund 1,Clara,Vu,"",Vereinigte Staaten von Amerika (USA)
Veo Robotics,Alpha Intelligence Capital Fund 1,Patrick,Sobalvarro,"",Vereinigte Staaten von Amerika (USA)
Veritas Entertainment,BITKRAFT ESPORTS VENTURES I, L.P. (KY),Thomas,Fellger,Deutschland
Veritas Entertainment,BITKRAFT ESPORTS VENTURES I, L.P. (KY),Markus,Jaisle,Deutschland
Veritas Entertainment,BITKRAFT ESPORTS VENTURES I, L.P. (KY),Dorian,Gorr,Deutschland
Vermut Senior Community, Inc.,BITKRAFT Ventures Fund II, L.P.,Enric,Duran,"",Vereinigte Staaten von Amerika (USA)
Vermut Senior Community, Inc.,BITKRAFT Ventures Fund II, L.P.,Fernando,Dellepiane,"",Vereinigte Staaten von Amerika (USA)
Vermut Senior Community, Inc.,BITKRAFT Ventures Fund II, L.P.,Jose,Sánchez,"",Vereinigte Staaten von Amerika (USA)
Versantis AG,Redalpine Capital S.C.S., SICAR III,Vincent,Forster,Schweiz
Versantis AG,Redalpine Capital S.C.S., SICAR III,Meriam,Kabbaj,Schweiz
Virtuo Technologies SAS,Alpha Intelligence Capital Fund 1,Karim,Kaddoura,"",Frankreich
Virtuo Technologies SAS,Alpha Intelligence Capital Fund 1,Thibault,Chassagne,"",Frankreich
Volley Inc,BITKRAFT Ventures Opportunity Fund I, L.P,"","","","",""
WIZZCAD,JOIN Capital Fund I GmbH & Co. KG,Marc,Germain,Frankreich
WIZZCAD,JOIN Capital Fund I GmbH & Co. KG,Cyril,Perrin,Frankreich
Wasp Inc.,Berlin Innovation Ventures 1 GmbH & Co KG,"","","","",""
WeMeta,Greenfield One III GmbH & Co. KG,Winston,Robson,mänlich,Vereinigte Staaten von Amerika (USA)
WeMeta,Greenfield One III GmbH & Co. KG,Ali,Vira,mänlich,Vereinigte Staaten von Amerika (USA)
WeMeta,Greenfield One III GmbH & Co. KG,Nick,Brons,mänlich,Vereinigte Staaten von Amerika (USA)
WeWeb,42CAP II GmbH & Co. KG,Raphaël,Goldsztejn,Frankreich
WeWeb,42CAP II GmbH & Co. KG,Florian,Briou,Frankreich
Welinq,Quantonation I FPCI,"","","","",""
Whaly Inc.,Redalpine Capital S.C.S., SICAR VI,"","","","",""
Wingback Inc.,42Cap III GmbH & Co KG,"","","","",""
Wolf3D (Wolfprint 3D),a16z - CNK Seed Fund I, L.P.,Timmu,Toke,"",Polen
WorkFusion,Alpha Intelligence Capital Fund 1,Andrew,Volkov,Vereinigte Staaten von Amerika (USA)
WorkFusion,Alpha Intelligence Capital Fund 1,Max,Yankelevich,Vereinigte Staaten von Amerika (USA)
Wreno,Honeystone Ventures Fund LP,Charlotte,Schell,"",""
Wreno,Honeystone Ventures Fund LP,Mark,Barton,"",""
X-37,Alpha Intelligence Capital Fund 1,David,Collier,""
X-37,Alpha Intelligence Capital Fund 1,Matthew,Kerby,""
X-37,Alpha Intelligence Capital Fund 1,James,Larrick,""
X-37,Alpha Intelligence Capital Fund 1,Andrew,Perlman,""
X-37,Alpha Intelligence Capital Fund 1,Anie,Roche,""
X-37,Alpha Intelligence Capital Fund 1,Ed,Schnipper,""
Yewno,Alpha Intelligence Capital Fund 1,Ruggero,Gramatica,Vereinigte Staaten von Amerika (USA)
Yewno,Alpha Intelligence Capital Fund 1,Ruth,Pickering,Vereinigte Staaten von Amerika (USA)
Zama SAS,Berlin Innovation Ventures 1 GmbH & Co KG,"","","","",""
Zelros,42CAP II GmbH & Co. KG,Christophe,Bourguignat,Frankreich
Zelros,42CAP II GmbH & Co. KG,Fabien,Vauchelles,Frankreich
Zelros,42CAP II GmbH & Co. KG,Damien,Philippon,Frankreich
ZenJob,Redalpine Opportunity Fund SCS,Fritz,Trott,Deutschland
ZenJob,Redalpine Opportunity Fund SCS,Cornelius,Rantzau,Deutschland
ZenJob,Redalpine Opportunity Fund SCS,Cihan,Aksakal,Deutschland
ZenJob,Redalpine Opportunity Fund SCS,Frederik,Fahning,Deutschland
ZenJob,Redalpine Opportunity Fund SCS,Fritz,Trott,Deutschland
ZenJob,Redalpine Opportunity Fund SCS,Cornelius,Rantzau,Deutschland
ZenJob,Redalpine Opportunity Fund SCS,Cihan,Aksakal,Deutschland
ZenJob,Redalpine Opportunity Fund SCS,Frederik,Fahning,Deutschland
ZeroEyes, Inc.,Alpha Intelligence Capital Fund 1,Tim,Sulzer,"",Vereinigte Staaten von Amerika (USA)
ZeroEyes, Inc.,Alpha Intelligence Capital Fund 1,Mike,Lahiff,"",Vereinigte Staaten von Amerika (USA)
ZeroEyes, Inc.,Alpha Intelligence Capital Fund 1,Rob,Huberty,"",Vereinigte Staaten von Amerika (USA)
ZeroEyes, Inc.,Alpha Intelligence Capital Fund 1,Sam,Alaimo,"",Vereinigte Staaten von Amerika (USA)
ZeroEyes, Inc.,Alpha Intelligence Capital Fund 1,Dustin,Brooks,"",Vereinigte Staaten von Amerika (USA)
Zharta,Greenfield One III GmbH & Co. KG,Pedro,Granate,mänlich,Portugal
Zharta,Greenfield One III GmbH & Co. KG,Diogo,Pires,mänlich,Portugal
Zharta,Greenfield One III GmbH & Co. KG,Nuno,Cortesão,mänlich,Portugal
aidoc,Alpha Intelligence Capital Fund 1,Elad,Walach,Israel
aidoc,Alpha Intelligence Capital Fund 1,Michael,Braginsky,Israel
aidoc,Alpha Intelligence Capital Fund 1,Guy,Reiner,Israel
aktiia,Redalpine Opportunity Fund SCS,Mattia,Bertschi,Schweiz
aktiia,Redalpine Opportunity Fund SCS,Josep,Solà,Schweiz
aktiia,Redalpine Opportunity Fund SCS,Mattia,Bertschi,Schweiz
aktiia,Redalpine Opportunity Fund SCS,Josep,Solà,Schweiz
allcyte,42Cap III GmbH & Co KG,Berend,Snijder,"",Österreich
allcyte,42Cap III GmbH & Co KG,Giulio,Superti-Furga,"",Österreich
allcyte,42Cap III GmbH & Co KG,Gregory,Vladimer,"",Österreich
allcyte,42Cap III GmbH & Co KG,Nikolaus,Krall,"",Österreich
alpha paw,Nordic Eye II SCSp,Ramon,van Meer,"",Vereinigte Staaten von Amerika (USA)
beWanted,JOIN Capital Fund I GmbH & Co. KG,Juan,Torroba,Spanien
cioplenu GmbH (operations1),42CAP II GmbH & Co. KG,Daniel,Grobe,Deutschland
cioplenu GmbH (operations1),42CAP II GmbH & Co. KG,Benjamin,Brockmann,Deutschland
codavel S.A.,Berlin Innovation Ventures 1 GmbH & Co KG,Diogo,Ferreira,"",Portugal
codavel S.A.,Berlin Innovation Ventures 1 GmbH & Co KG,Paulo,Oliveira,"",Portugal
codavel S.A.,Berlin Innovation Ventures 1 GmbH & Co KG,Rui,Costa,"",Portugal
codesphere GmbH,42Cap III GmbH & Co KG,Elias,Groll,"",Deutschland
codesphere GmbH,42Cap III GmbH & Co KG,Christian,Siemoneit,"",Deutschland
codesphere GmbH,42Cap III GmbH & Co KG,Jonas,Zipprick,"",Deutschland
commercetools GmbH,Reimann Investor Management GmbH & Co. 2016 KG,Dirk,Hoerig,"",Deutschland
commercetools GmbH,Reimann Investor Management GmbH & Co. 2016 KG,Denis,Werner,"",Deutschland
conexus AI, Inc.,Alpha Intelligence Capital Fund 1,Eric,Daimler,Vereinigte Staaten von Amerika (USA)
conexus AI, Inc.,Alpha Intelligence Capital Fund 1,Ryan,Wisnesky,Vereinigte Staaten von Amerika (USA)
contractzen,Nordic Eye II SCSp,Markus,Mikola,"",Finnland
contractzen,Nordic Eye II SCSp,Riitta,Raesmaa,"",Finnland
crosser,42CAP II GmbH & Co. KG,Johan,Jonzon,""
crosser,42CAP II GmbH & Co. KG,Martin,Thunman,""
crosser,42CAP II GmbH & Co. KG,Ulf,Bjorklund,""
deepset GmbH,Berlin Innovation Ventures 1 GmbH & Co KG,Timo,Möller,"",Deutschland
deepset GmbH,Berlin Innovation Ventures 1 GmbH & Co KG,Malte,Pietsch,"",Deutschland
deepset GmbH,Berlin Innovation Ventures 1 GmbH & Co KG,Milos,Rusic,"",Deutschland
drishti,Alpha Intelligence Capital Fund 1,Ashish,Gupta,Vereinigte Staaten von Amerika (USA)
drishti,Alpha Intelligence Capital Fund 1,Krishnendu,Chaudhury,Vereinigte Staaten von Amerika (USA)
drishti,Alpha Intelligence Capital Fund 1,Prasad,Akella,Vereinigte Staaten von Amerika (USA)
ebot7,42CAP II GmbH & Co. KG,Fabian,Beringer,Deutschland
ebot7,42CAP II GmbH & Co. KG,Xaver,Lehmann,Deutschland
ebot7,42CAP II GmbH & Co. KG,Maximilian,Gerer,Deutschland
emporix,42CAP II GmbH & Co. KG,Andi,Schneider,Schweiz
evolutionQ,Quantonation I FPCI,Michele,Mosca,"",Kanada
evolutionQ,Quantonation I FPCI,Norbert,Lütkenhaus,"",Kanada
finiata,Redalpine Capital S.C.S., SICAR III,Jan,Einfeld,Deutschland
finiata,Redalpine Capital S.C.S., SICAR III,Amit,Kahana,Deutschland
finiata,Redalpine Capital S.C.S., SICAR III,Alexander,Beresford,Deutschland
finiata,Redalpine Capital S.C.S., SICAR III,Sebastian,Diemer,Deutschland
flowtyNFT Inc.,Greenfield One III GmbH & Co. KG,Michael,Levy,"",Vereinigte Staaten von Amerika (USA)
flowtyNFT Inc.,Greenfield One III GmbH & Co. KG,Austin,Kline,"",Vereinigte Staaten von Amerika (USA)
flowtyNFT Inc.,Greenfield One III GmbH & Co. KG,Guillaume,Huot,"",Vereinigte Staaten von Amerika (USA)
iLOF,Berlin Innovation Ventures 1 GmbH & Co KG,Luís,Valente,"",Groß-Britanien (UK)
iLOF,Berlin Innovation Ventures 1 GmbH & Co KG,Mehak,Mumtaz,"",Groß-Britanien (UK)
iLOF,Berlin Innovation Ventures 1 GmbH & Co KG,Paula,Sampaio,"",Groß-Britanien (UK)
iLOF,Berlin Innovation Ventures 1 GmbH & Co KG,Joana,Paiva,"",Groß-Britanien (UK)
mPower Technology, Inc.,Cottonwood Technology Fund III,Dr. Murat,Okandan,"",Vereinigte Staaten von Amerika (USA)
mostlyAI,42CAP II GmbH & Co. KG,Roland,Boubela,Österreich
mostlyAI,42CAP II GmbH & Co. KG,Michael,Platzer,Österreich
mostlyAI,42CAP II GmbH & Co. KG,Klaudius,Kalcher,Österreich
nannyML NV,Berlin Innovation Ventures 1 GmbH & Co KG,Hakim,Elakhrass,"",Belgien
nannyML NV,Berlin Innovation Ventures 1 GmbH & Co KG,Wiljan,Cools,"",Belgien
nannyML NV,Berlin Innovation Ventures 1 GmbH & Co KG,Wojtek,Kuberski,"",Belgien
natif.ai GmbH,Redalpine Capital S.C.S., SICAR VI,Manuel,Zapp,"",Deutschland
natif.ai GmbH,Redalpine Capital S.C.S., SICAR VI,Johannes,Korves,"",Deutschland
occtoo AB,42Cap III GmbH & Co KG,Daniel,Brdarski,"",""
occtoo AB,42Cap III GmbH & Co KG,Jimmy,Ekbäck,"",""
occtoo AB,42Cap III GmbH & Co KG,Niclas,Mollin,"",""
ready2order,Reimann Investor Management GmbH & Co. 2016 KG,Markus,Bernhart,Österreich
ready2order,Reimann Investor Management GmbH & Co. 2016 KG,Christopher,Fuchs,Österreich
ready2order,Reimann Investor Management GmbH & Co. 2016 KG,Christoph,Zhu,Österreich
scoutbee,42CAP II GmbH & Co. KG,Lee,Galbraith,Deutschland
scoutbee,42CAP II GmbH & Co. KG,Gregor,Stühler,Deutschland
scoutbee,42CAP II GmbH & Co. KG,Christian,Heinrich,Deutschland
smatch GmbH,42Cap III GmbH & Co KG,Max,Groberg,"",Deutschland
smatch GmbH,42Cap III GmbH & Co KG,Hans-Martin,Vetter,"",Deutschland
starform,BITKRAFT ESPORTS VENTURES I, L.P. (KY),Josh,Rosen,Vereinigte Staaten von Amerika (USA)
starform,BITKRAFT ESPORTS VENTURES I, L.P. (KY),Lou,Fasulo,Vereinigte Staaten von Amerika (USA)
starform,BITKRAFT ESPORTS VENTURES I, L.P. (KY),Taylor,Daynes,Vereinigte Staaten von Amerika (USA)
superface,42CAP II GmbH & Co. KG,Radek,Novotny,Tschecische Republik
superface,42CAP II GmbH & Co. KG,Zdenek,Nemec,Tschecische Republik
usercentrics,Reimann Investor Management GmbH & Co. 2016 KG,Mischa,Rürup,Deutschland
usercentrics,Reimann Investor Management GmbH & Co. 2016 KG,Vinzent,Ellissen,Deutschland
usercentrics,Reimann Investor Management GmbH & Co. 2016 KG,Lisa,Gradow,Deutschland
voize,Redalpine Capital S.C.S., SICAR VI,Fabio,Schmidberger,"",Deutschland
voize,Redalpine Capital S.C.S., SICAR VI,Marcel,Schmidberger,"",Deutschland
voize,Redalpine Capital S.C.S., SICAR VI,Erik,Ziegler,"",Deutschland
volders,Reimann Investor Management GmbH & Co. 2016 KG,Jan,Ansink,Deutschland
volders,Reimann Investor Management GmbH & Co. 2016 KG,Elvio,Viscosa,Deutschland
volders,Reimann Investor Management GmbH & Co. 2016 KG,Alexander,Krieger,Deutschland
